iter	MultiClass
0	2.277304529
1	2.25428695
2	2.232451488
3	2.212550869
4	2.194076989
5	2.176574726
6	2.159838117
7	2.143865594
8	2.128890118
9	2.114485972
10	2.101114746
11	2.0883398
12	2.076054939
13	2.064305695
14	2.053073227
15	2.042332133
16	2.032208752
17	2.022276738
18	2.012785366
19	2.003586128
20	1.99449754
21	1.985810859
22	1.977682487
